{
    "type": "minecraft:overworld",
    "generator": {
        "type": "minecraft:flat",
        "settings": {
            "biome": "minecraft:nether_wastes",
            "lakes": false,
            "features": false,
            "layers": [
                {
                "block": "minecraft:bedrock",
                "height": 1
                },
                {
                "block": "minecraft:lava",
                "height": 10
                }
            ],
            "structures": {
                "structures": {}
            }
        }
    }
}